{
  "project_info": {
    "project_number": "902477313282",
    "firebase_url": "https://news-55973.firebaseio.com",
    "project_id": "news-55973",
    "storage_bucket": "news-55973.appspot.com"
  },
  "client": [
    {
      "client_info": {
        "mobilesdk_app_id": "1:902477313282:android:d4d5892c869552f55b7e1b",
        "android_client_info": {
          "package_name": "com.jaganps.news"
        }
      },
      "oauth_client": [
        {
          "client_id": "902477313282-ni0af8e5ss6c6juh6ukqn118f5dt394d.apps.googleusercontent.com",
          "client_type": 1,
          "android_info": {
            "package_name": "com.jaganps.news",
            "certificate_hash": "23b8ac2167987a312ae2b9453e662d8e28401f22"
          }
        },
        {
          "client_id": "902477313282-0rt7b04uup9s0fpelcp8qcgeo47iejau.apps.googleusercontent.com",
          "client_type": 3
        }
      ],
      "api_key": [
        {
          "current_key": "AIzaSyBa-C0bDArdsYZmlrbjRRiuyhr0Cd9NPb8"
        }
      ],
      "services": {
        "appinvite_service": {
          "other_platform_oauth_client": [
            {
              "client_id": "902477313282-0rt7b04uup9s0fpelcp8qcgeo47iejau.apps.googleusercontent.com",
              "client_type": 3
            }
          ]
        }
      }
    }
  ],
  "configuration_version": "1"
}